SYSTEM_SITE,Y_LAT,X_LONGT,SPECIES,SPECIES_QUALIFIED,SppGroup,POP_ID,GFE_TYPE,CU_NAME,CU_INDEX,JAZ_ACRO,IS_INDICATOR,WATERSHED_CDE,FWA_WATERSHED_CDE
AMAI CREEK,50.02348098,-127.0772848,Chum,CM,Chum,41841,Stream,SOUTHWEST VANCOUVER ISLAND,CM-10,WVI+WVI,N,930-653300-00000-00000-0000-0000-000-000-000-000-000-000,930-651588-000000-000000-000000-000000-000000-000000-000000-000000-000000-000000-000000-000000-000000-000000-000000-000000-000000-000000-000000
ARTLISH RIVER,50.1150961,-127.0875277,Chinook,CK,Chinook,41873,Stream,WEST VANCOUVER ISLAND-NOOTKA AND KYUQUOT_FA_0.x,CK-32,WVI+WVI,Y,930-671100-00000-00000-0000-0000-000-000-000-000-000-000,930-671111-000000-000000-000000-000000-000000-000000-000000-000000-000000-000000-000000-000000-000000-000000-000000-000000-000000-000000-000000
ARTLISH RIVER,50.1150961,-127.0875277,Chum,CM,Chum,41871,Stream,SOUTHWEST VANCOUVER ISLAND,CM-10,WVI+WVI,Y,930-671100-00000-00000-0000-0000-000-000-000-000-000-000,930-671111-000000-000000-000000-000000-000000-000000-000000-000000-000000-000000-000000-000000-000000-000000-000000-000000-000000-000000-000000
ARTLISH RIVER,50.1150961,-127.0875277,Coho,CO,Coho,41867,Stream,WEST VANCOUVER ISLAND,CO-17,WVI+WVI,Y,930-671100-00000-00000-0000-0000-000-000-000-000-000-000,930-671111-000000-000000-000000-000000-000000-000000-000000-000000-000000-000000-000000-000000-000000-000000-000000-000000-000000-000000-000000
ARTLISH RIVER,50.1150961,-127.0875277,Pink,PKE,Pink (even),41869,Stream,WEST VANCOUVER ISLAND,PKE-2,WVI+WVI,N,930-671100-00000-00000-0000-0000-000-000-000-000-000-000,930-671111-000000-000000-000000-000000-000000-000000-000000-000000-000000-000000-000000-000000-000000-000000-000000-000000-000000-000000-000000
ARTLISH RIVER,50.1150961,-127.0875277,Pink,PKO,Pink (odd),41869,Stream,WEST VANCOUVER ISLAND,PKO-6,WVI+WVI,N,930-671100-00000-00000-0000-0000-000-000-000-000-000-000,930-671111-000000-000000-000000-000000-000000-000000-000000-000000-000000-000000-000000-000000-000000-000000-000000-000000-000000-000000-000000
ARTLISH RIVER,50.1150961,-127.0875277,Sockeye,SER,Sockeye (River),41865,Stream,WEST VANCOUVER ISLAND,SER-10,WVI+WVI,N,930-671100-00000-00000-0000-0000-000-000-000-000-000-000,930-671111-000000-000000-000000-000000-000000-000000-000000-000000-000000-000000-000000-000000-000000-000000-000000-000000-000000-000000-000000
BATTLE BAY RIVER,50.1213242,-127.5867074,Chinook,CK,Chinook,39698,Stream,WEST VANCOUVER ISLAND-NOOTKA AND KYUQUOT_FA_0.x,CK-32,WVI+WVI,N,930-739000-00000-00000-0000-0000-000-000-000-000-000-000,930-738595-000000-000000-000000-000000-000000-000000-000000-000000-000000-000000-000000-000000-000000-000000-000000-000000-000000-000000-000000
BATTLE BAY RIVER,50.1213242,-127.5867074,Chum,CM,Chum,39696,Stream,SOUTHWEST VANCOUVER ISLAND,CM-10,WVI+WVI,N,930-739000-00000-00000-0000-0000-000-000-000-000-000-000,930-738595-000000-000000-000000-000000-000000-000000-000000-000000-000000-000000-000000-000000-000000-000000-000000-000000-000000-000000-000000
BATTLE BAY RIVER,50.1213242,-127.5867074,Coho,CO,Coho,39692,Stream,WEST VANCOUVER ISLAND,CO-17,WVI+WVI,N,930-739000-00000-00000-0000-0000-000-000-000-000-000-000,930-738595-000000-000000-000000-000000-000000-000000-000000-000000-000000-000000-000000-000000-000000-000000-000000-000000-000000-000000-000000
BATTLE BAY RIVER,50.1213242,-127.5867074,Pink,PKE,Pink (even),39694,Stream,WEST VANCOUVER ISLAND,PKE-2,WVI+WVI,N,930-739000-00000-00000-0000-0000-000-000-000-000-000-000,930-738595-000000-000000-000000-000000-000000-000000-000000-000000-000000-000000-000000-000000-000000-000000-000000-000000-000000-000000-000000
BATTLE BAY RIVER,50.1213242,-127.5867074,Pink,PKO,Pink (odd),39694,Stream,WEST VANCOUVER ISLAND,PKO-6,WVI+WVI,N,930-739000-00000-00000-0000-0000-000-000-000-000-000-000,930-738595-000000-000000-000000-000000-000000-000000-000000-000000-000000-000000-000000-000000-000000-000000-000000-000000-000000-000000-000000
BATTLE BAY RIVER,50.1213242,-127.5867074,Sockeye,SER,Sockeye (River),39690,Stream,WEST VANCOUVER ISLAND,SER-10,WVI+WVI,N,930-739000-00000-00000-0000-0000-000-000-000-000-000-000,930-738595-000000-000000-000000-000000-000000-000000-000000-000000-000000-000000-000000-000000-000000-000000-000000-000000-000000-000000-000000
CACHALOT CREEK,49.99797765,-127.1648176,Chum,CM,Chum,41821,Stream,SOUTHWEST VANCOUVER ISLAND,CM-10,WVI+WVI,N,930-647000-00000-00000-0000-0000-000-000-000-000-000-000,930-644889-000000-000000-000000-000000-000000-000000-000000-000000-000000-000000-000000-000000-000000-000000-000000-000000-000000-000000-000000
CARNATION CREEK,48.91360195,-125.0037843,Chinook,CK,Chinook,40478,Stream,WEST VANCOUVER ISLAND-SOUTH_FA_0.x,CK-31,WVI+WVI,N,930-112200-00000-00000-0000-0000-000-000-000-000-000-000,930-113555-000000-000000-000000-000000-000000-000000-000000-000000-000000-000000-000000-000000-000000-000000-000000-000000-000000-000000-000000
CARNATION CREEK,48.91360195,-125.0037843,Chum,CM,Chum,40476,Stream,SOUTHWEST VANCOUVER ISLAND,CM-10,WVI+WVI,Y,930-112200-00000-00000-0000-0000-000-000-000-000-000-000,930-113555-000000-000000-000000-000000-000000-000000-000000-000000-000000-000000-000000-000000-000000-000000-000000-000000-000000-000000-000000
CARNATION CREEK,48.91360195,-125.0037843,Coho,CO,Coho,40472,Stream,JUAN DE FUCA-PACHENA,CO-16,WVI+WVI,Y,930-112200-00000-00000-0000-0000-000-000-000-000-000-000,930-113555-000000-000000-000000-000000-000000-000000-000000-000000-000000-000000-000000-000000-000000-000000-000000-000000-000000-000000-000000
CARNATION CREEK,48.91360195,-125.0037843,Pink,PKE,Pink (even),40474,Stream,WEST VANCOUVER ISLAND,PKE-2,WVI+WVI,N,930-112200-00000-00000-0000-0000-000-000-000-000-000-000,930-113555-000000-000000-000000-000000-000000-000000-000000-000000-000000-000000-000000-000000-000000-000000-000000-000000-000000-000000-000000
CARNATION CREEK,48.91360195,-125.0037843,Pink,PKO,Pink (odd),40474,Stream,WEST VANCOUVER ISLAND,PKO-6,WVI+WVI,N,930-112200-00000-00000-0000-0000-000-000-000-000-000-000,930-113555-000000-000000-000000-000000-000000-000000-000000-000000-000000-000000-000000-000000-000000-000000-000000-000000-000000-000000-000000
CARNATION CREEK,48.91360195,-125.0037843,Sockeye,SER,Sockeye (River),40470,Stream,WEST VANCOUVER ISLAND,SER-10,WVI+WVI,N,930-112200-00000-00000-0000-0000-000-000-000-000-000-000,930-113555-000000-000000-000000-000000-000000-000000-000000-000000-000000-000000-000000-000000-000000-000000-000000-000000-000000-000000-000000
CHAMISS CREEK,50.07917039,-127.2889006,Chinook,CK,Chinook,39628,Stream,WEST VANCOUVER ISLAND-NOOTKA AND KYUQUOT_FA_0.x,CK-32,WVI+WVI,N,930-700400-00000-00000-0000-0000-000-000-000-000-000-000,930-700522-000000-000000-000000-000000-000000-000000-000000-000000-000000-000000-000000-000000-000000-000000-000000-000000-000000-000000-000000
CHAMISS CREEK,50.07917039,-127.2889006,Chum,CM,Chum,39626,Stream,SOUTHWEST VANCOUVER ISLAND,CM-10,WVI+WVI,N,930-700400-00000-00000-0000-0000-000-000-000-000-000-000,930-700522-000000-000000-000000-000000-000000-000000-000000-000000-000000-000000-000000-000000-000000-000000-000000-000000-000000-000000-000000
CHAMISS CREEK,50.07917039,-127.2889006,Coho,CO,Coho,39622,Stream,WEST VANCOUVER ISLAND,CO-17,WVI+WVI,N,930-700400-00000-00000-0000-0000-000-000-000-000-000-000,930-700522-000000-000000-000000-000000-000000-000000-000000-000000-000000-000000-000000-000000-000000-000000-000000-000000-000000-000000-000000
CHAMISS CREEK,50.07917039,-127.2889006,Pink,PKE,Pink (even),39624,Stream,WEST VANCOUVER ISLAND,PKE-2,WVI+WVI,N,930-700400-00000-00000-0000-0000-000-000-000-000-000-000,930-700522-000000-000000-000000-000000-000000-000000-000000-000000-000000-000000-000000-000000-000000-000000-000000-000000-000000-000000-000000
CHAMISS CREEK,50.07917039,-127.2889006,Sockeye,SER,Sockeye (River),39620,Stream,WEST VANCOUVER ISLAND,SER-10,WVI+WVI,N,930-700400-00000-00000-0000-0000-000-000-000-000-000-000,930-700522-000000-000000-000000-000000-000000-000000-000000-000000-000000-000000-000000-000000-000000-000000-000000-000000-000000-000000-000000
CLANNINICK CREEK,50.04141744,-127.4114013,Chinook,CK,Chinook,39658,Stream,WEST VANCOUVER ISLAND-NOOTKA AND KYUQUOT_FA_0.x,CK-32,WVI+WVI,N,930-713300-00000-00000-0000-0000-000-000-000-000-000-000,930-712616-000000-000000-000000-000000-000000-000000-000000-000000-000000-000000-000000-000000-000000-000000-000000-000000-000000-000000-000000
CLANNINICK CREEK,50.04141744,-127.4114013,Chum,CM,Chum,39656,Stream,SOUTHWEST VANCOUVER ISLAND,CM-10,WVI+WVI,N,930-713300-00000-00000-0000-0000-000-000-000-000-000-000,930-712616-000000-000000-000000-000000-000000-000000-000000-000000-000000-000000-000000-000000-000000-000000-000000-000000-000000-000000-000000
CLANNINICK CREEK,50.04141744,-127.4114013,Coho,CO,Coho,39652,Stream,WEST VANCOUVER ISLAND,CO-17,WVI+WVI,N,930-713300-00000-00000-0000-0000-000-000-000-000-000-000,930-712616-000000-000000-000000-000000-000000-000000-000000-000000-000000-000000-000000-000000-000000-000000-000000-000000-000000-000000-000000
CLANNINICK CREEK,50.04141744,-127.4114013,Pink,PKE,Pink (even),39654,Stream,WEST VANCOUVER ISLAND,PKE-2,WVI+WVI,N,930-713300-00000-00000-0000-0000-000-000-000-000-000-000,930-712616-000000-000000-000000-000000-000000-000000-000000-000000-000000-000000-000000-000000-000000-000000-000000-000000-000000-000000-000000
CLANNINICK CREEK,50.04141744,-127.4114013,Pink,PKO,Pink (odd),39654,Stream,WEST VANCOUVER ISLAND,PKO-6,WVI+WVI,N,930-713300-00000-00000-0000-0000-000-000-000-000-000-000,930-712616-000000-000000-000000-000000-000000-000000-000000-000000-000000-000000-000000-000000-000000-000000-000000-000000-000000-000000-000000
CLANNINICK CREEK,50.04141744,-127.4114013,Sockeye,SER,Sockeye (River),39650,Stream,WEST VANCOUVER ISLAND,SER-10,WVI+WVI,N,930-713300-00000-00000-0000-0000-000-000-000-000-000-000,930-712616-000000-000000-000000-000000-000000-000000-000000-000000-000000-000000-000000-000000-000000-000000-000000-000000-000000-000000-000000
CLEMENS CREEK,49.13563333,-125.137861,Chinook,CK,Chinook,131,Stream,WEST VANCOUVER ISLAND-SOUTH_FA_0.x,CK-31,WVI+WVI,N,930-162500-98800-00000-0000-0000-000-000-000-000-000-000,930-164367-991909-000000-000000-000000-000000-000000-000000-000000-000000-000000-000000-000000-000000-000000-000000-000000-000000-000000-000000
CLEMENS CREEK,49.13563333,-125.137861,Chum,CM,Chum,3175,Stream,SOUTHWEST VANCOUVER ISLAND,CM-10,WVI+WVI,N,930-162500-98800-00000-0000-0000-000-000-000-000-000-000,930-164367-991909-000000-000000-000000-000000-000000-000000-000000-000000-000000-000000-000000-000000-000000-000000-000000-000000-000000-000000
CLEMENS CREEK,49.13563333,-125.137861,Coho,CO,Coho,130,Stream,WEST VANCOUVER ISLAND,CO-17,WVI+WVI,N,930-162500-98800-00000-0000-0000-000-000-000-000-000-000,930-164367-991909-000000-000000-000000-000000-000000-000000-000000-000000-000000-000000-000000-000000-000000-000000-000000-000000-000000-000000
CLEMENS CREEK,49.13563333,-125.137861,Sockeye,SER,Sockeye (River),129,Stream,WEST VANCOUVER ISLAND,SER-10,WVI+WVI,N,930-162500-98800-00000-0000-0000-000-000-000-000-000-000,930-164367-991909-000000-000000-000000-000000-000000-000000-000000-000000-000000-000000-000000-000000-000000-000000-000000-000000-000000-000000
COEUR D'ALENE CREEK,49.04569594,-125.1381025,Chinook,CK,Chinook,40698,Stream,WEST VANCOUVER ISLAND-SOUTH_FA_0.x,CK-31,WVI+WVI,N,930-193200-00000-00000-0000-0000-000-000-000-000-000-000,930-187551-000000-000000-000000-000000-000000-000000-000000-000000-000000-000000-000000-000000-000000-000000-000000-000000-000000-000000-000000
COEUR D'ALENE CREEK,49.04569594,-125.1381025,Chum,CM,Chum,40696,Stream,SOUTHWEST VANCOUVER ISLAND,CM-10,WVI+WVI,N,930-193200-00000-00000-0000-0000-000-000-000-000-000-000,930-187551-000000-000000-000000-000000-000000-000000-000000-000000-000000-000000-000000-000000-000000-000000-000000-000000-000000-000000-000000
COEUR D'ALENE CREEK,49.04569594,-125.1381025,Coho,CO,Coho,40692,Stream,WEST VANCOUVER ISLAND,CO-17,WVI+WVI,N,930-193200-00000-00000-0000-0000-000-000-000-000-000-000,930-187551-000000-000000-000000-000000-000000-000000-000000-000000-000000-000000-000000-000000-000000-000000-000000-000000-000000-000000-000000
COEUR D'ALENE CREEK,49.04569594,-125.1381025,Sockeye,SER,Sockeye (River),40690,Stream,WEST VANCOUVER ISLAND,SER-10,WVI+WVI,N,930-193200-00000-00000-0000-0000-000-000-000-000-000-000,930-187551-000000-000000-000000-000000-000000-000000-000000-000000-000000-000000-000000-000000-000000-000000-000000-000000-000000-000000-000000
COLEMAN CREEK,49.00626566,-124.8577044,Chum,CM,Chum,40506,Stream,SOUTHWEST VANCOUVER ISLAND,CM-10,WVI+WVI,N,930-124200-00000-00000-0000-0000-000-000-000-000-000-000,930-125279-000000-000000-000000-000000-000000-000000-000000-000000-000000-000000-000000-000000-000000-000000-000000-000000-000000-000000-000000
EASY CREEK,50.12821162,-127.3111755,Chinook,CK,Chinook,40888,Stream,WEST VANCOUVER ISLAND-NOOTKA AND KYUQUOT_FA_0.x,CK-32,WVI+WVI,N,930-691300-00000-00000-0000-0000-000-000-000-000-000-000,930-691582-000000-000000-000000-000000-000000-000000-000000-000000-000000-000000-000000-000000-000000-000000-000000-000000-000000-000000-000000
EASY CREEK,50.12821162,-127.3111755,Chum,CM,Chum,40886,Stream,SOUTHWEST VANCOUVER ISLAND,CM-10,WVI+WVI,N,930-691300-00000-00000-0000-0000-000-000-000-000-000-000,930-691582-000000-000000-000000-000000-000000-000000-000000-000000-000000-000000-000000-000000-000000-000000-000000-000000-000000-000000-000000
EASY CREEK,50.12821162,-127.3111755,Coho,CO,Coho,40882,Stream,WEST VANCOUVER ISLAND,CO-17,WVI+WVI,N,930-691300-00000-00000-0000-0000-000-000-000-000-000-000,930-691582-000000-000000-000000-000000-000000-000000-000000-000000-000000-000000-000000-000000-000000-000000-000000-000000-000000-000000-000000
EASY CREEK,50.12821162,-127.3111755,Pink,PKE,Pink (even),40884,Stream,WEST VANCOUVER ISLAND,PKE-2,WVI+WVI,N,930-691300-00000-00000-0000-0000-000-000-000-000-000-000,930-691582-000000-000000-000000-000000-000000-000000-000000-000000-000000-000000-000000-000000-000000-000000-000000-000000-000000-000000-000000
EASY CREEK,50.12821162,-127.3111755,Sockeye,SER,Sockeye (River),40880,Stream,WEST VANCOUVER ISLAND,SER-10,WVI+WVI,N,930-691300-00000-00000-0000-0000-000-000-000-000-000-000,930-691582-000000-000000-000000-000000-000000-000000-000000-000000-000000-000000-000000-000000-000000-000000-000000-000000-000000-000000-000000
EFFINGHAM RIVER,49.09534128,-125.200767,Chinook,CK,Chinook,40708,Stream,WEST VANCOUVER ISLAND-SOUTH_FA_0.x,CK-31,WVI+WVI,N,930-196400-00000-00000-0000-0000-000-000-000-000-000-000,930-191124-000000-000000-000000-000000-000000-000000-000000-000000-000000-000000-000000-000000-000000-000000-000000-000000-000000-000000-000000
EFFINGHAM RIVER,49.09534128,-125.200767,Chum,CM,Chum,40706,Stream,SOUTHWEST VANCOUVER ISLAND,CM-10,WVI+WVI,N,930-196400-00000-00000-0000-0000-000-000-000-000-000-000,930-191124-000000-000000-000000-000000-000000-000000-000000-000000-000000-000000-000000-000000-000000-000000-000000-000000-000000-000000-000000
EFFINGHAM RIVER,49.09534128,-125.200767,Coho,CO,Coho,40702,Stream,WEST VANCOUVER ISLAND,CO-17,WVI+WVI,N,930-196400-00000-00000-0000-0000-000-000-000-000-000-000,930-191124-000000-000000-000000-000000-000000-000000-000000-000000-000000-000000-000000-000000-000000-000000-000000-000000-000000-000000-000000
EFFINGHAM RIVER,49.09534128,-125.200767,Pink,PKE,Pink (even),40704,Stream,WEST VANCOUVER ISLAND,PKE-2,WVI+WVI,N,930-196400-00000-00000-0000-0000-000-000-000-000-000-000,930-191124-000000-000000-000000-000000-000000-000000-000000-000000-000000-000000-000000-000000-000000-000000-000000-000000-000000-000000-000000
EFFINGHAM RIVER,49.09534128,-125.200767,Pink,PKO,Pink (odd),40704,Stream,WEST VANCOUVER ISLAND,PKO-6,WVI+WVI,N,930-196400-00000-00000-0000-0000-000-000-000-000-000-000,930-191124-000000-000000-000000-000000-000000-000000-000000-000000-000000-000000-000000-000000-000000-000000-000000-000000-000000-000000-000000
EFFINGHAM RIVER,49.09534128,-125.200767,Sockeye,SER,Sockeye (River),40700,Stream,WEST VANCOUVER ISLAND,SER-10,WVI+WVI,N,930-196400-00000-00000-0000-0000-000-000-000-000-000-000,930-191124-000000-000000-000000-000000-000000-000000-000000-000000-000000-000000-000000-000000-000000-000000-000000-000000-000000-000000-000000
ELAINE CREEK,50.12125435,-127.2985649,Chinook,CK,Chinook,40898,Stream,WEST VANCOUVER ISLAND-NOOTKA AND KYUQUOT_FA_0.x,CK-32,WVI+WVI,N,930-691900-00000-00000-0000-0000-000-000-000-000-000-000,930-692089-000000-000000-000000-000000-000000-000000-000000-000000-000000-000000-000000-000000-000000-000000-000000-000000-000000-000000-000000
ELAINE CREEK,50.12125435,-127.2985649,Chum,CM,Chum,40896,Stream,SOUTHWEST VANCOUVER ISLAND,CM-10,WVI+WVI,N,930-691900-00000-00000-0000-0000-000-000-000-000-000-000,930-692089-000000-000000-000000-000000-000000-000000-000000-000000-000000-000000-000000-000000-000000-000000-000000-000000-000000-000000-000000
ELAINE CREEK,50.12125435,-127.2985649,Coho,CO,Coho,40892,Stream,WEST VANCOUVER ISLAND,CO-17,WVI+WVI,N,930-691900-00000-00000-0000-0000-000-000-000-000-000-000,930-692089-000000-000000-000000-000000-000000-000000-000000-000000-000000-000000-000000-000000-000000-000000-000000-000000-000000-000000-000000
ELAINE CREEK,50.12125435,-127.2985649,Pink,PKE,Pink (even),40894,Stream,WEST VANCOUVER ISLAND,PKE-2,WVI+WVI,N,930-691900-00000-00000-0000-0000-000-000-000-000-000-000,930-692089-000000-000000-000000-000000-000000-000000-000000-000000-000000-000000-000000-000000-000000-000000-000000-000000-000000-000000-000000
HENDERSON LAKE,49.0283341,-125.0511539,Chinook,CK,Chinook,40648,Lake,WEST VANCOUVER ISLAND-SOUTH_FA_0.x,CK-31,WVI+WVI,N,930-162500-00000-00000-0000-0000-000-000-000-000-000-000,930-164367-000000-000000-000000-000000-000000-000000-000000-000000-000000-000000-000000-000000-000000-000000-000000-000000-000000-000000-000000
HENDERSON LAKE,49.0283341,-125.0511539,Chum,CM,Chum,40646,Lake,SOUTHWEST VANCOUVER ISLAND,CM-10,WVI+WVI,N,930-162500-00000-00000-0000-0000-000-000-000-000-000-000,930-164367-000000-000000-000000-000000-000000-000000-000000-000000-000000-000000-000000-000000-000000-000000-000000-000000-000000-000000-000000
HENDERSON LAKE,49.0283341,-125.0511539,Coho,CO,Coho,40642,Lake,WEST VANCOUVER ISLAND,CO-17,WVI+WVI,N,930-162500-00000-00000-0000-0000-000-000-000-000-000-000,930-164367-000000-000000-000000-000000-000000-000000-000000-000000-000000-000000-000000-000000-000000-000000-000000-000000-000000-000000-000000
HENDERSON LAKE,49.0283341,-125.0511539,Pink,PKE,Pink (even),40644,Lake,WEST VANCOUVER ISLAND,PKE-2,WVI+WVI,N,930-162500-00000-00000-0000-0000-000-000-000-000-000-000,930-164367-000000-000000-000000-000000-000000-000000-000000-000000-000000-000000-000000-000000-000000-000000-000000-000000-000000-000000-000000
HENDERSON LAKE,49.0283341,-125.0511539,Pink,PKO,Pink (odd),40644,Lake,WEST VANCOUVER ISLAND,PKO-6,WVI+WVI,N,930-162500-00000-00000-0000-0000-000-000-000-000-000-000,930-164367-000000-000000-000000-000000-000000-000000-000000-000000-000000-000000-000000-000000-000000-000000-000000-000000-000000-000000-000000
HENDERSON LAKE,49.0283341,-125.0511539,Sockeye,SEL,Sockeye (Lake),40640,Lake,HENDERSON,SEL-13-09,WVI+WVI,Y,930-162500-00000-00000-0000-0000-000-000-000-000-000-000,930-164367-000000-000000-000000-000000-000000-000000-000000-000000-000000-000000-000000-000000-000000-000000-000000-000000-000000-000000-000000
JANSEN LAKE CREEK,50.11891865,-127.2944509,Chinook,CK,Chinook,39618,Stream,WEST VANCOUVER ISLAND-NOOTKA AND KYUQUOT_FA_0.x,CK-32,WVI+WVI,N,930-692100-00000-00000-0000-0000-000-000-000-000-000-000,930-692270-000000-000000-000000-000000-000000-000000-000000-000000-000000-000000-000000-000000-000000-000000-000000-000000-000000-000000-000000
JANSEN LAKE CREEK,50.11891865,-127.2944509,Chum,CM,Chum,39616,Stream,SOUTHWEST VANCOUVER ISLAND,CM-10,WVI+WVI,N,930-692100-00000-00000-0000-0000-000-000-000-000-000-000,930-692270-000000-000000-000000-000000-000000-000000-000000-000000-000000-000000-000000-000000-000000-000000-000000-000000-000000-000000-000000
JANSEN LAKE CREEK,50.11891865,-127.2944509,Coho,CO,Coho,39612,Stream,WEST VANCOUVER ISLAND,CO-17,WVI+WVI,N,930-692100-00000-00000-0000-0000-000-000-000-000-000-000,930-692270-000000-000000-000000-000000-000000-000000-000000-000000-000000-000000-000000-000000-000000-000000-000000-000000-000000-000000-000000
JANSEN LAKE CREEK,50.11891865,-127.2944509,Pink,PKE,Pink (even),39614,Stream,WEST VANCOUVER ISLAND,PKE-2,WVI+WVI,N,930-692100-00000-00000-0000-0000-000-000-000-000-000-000,930-692270-000000-000000-000000-000000-000000-000000-000000-000000-000000-000000-000000-000000-000000-000000-000000-000000-000000-000000-000000
JANSEN LAKE CREEK,50.11891865,-127.2944509,Sockeye,SEL,Sockeye (Lake),39610,Stream,JANSEN,SEL-13-12,WVI+WVI,N,930-692100-00000-00000-0000-0000-000-000-000-000-000-000,930-692270-000000-000000-000000-000000-000000-000000-000000-000000-000000-000000-000000-000000-000000-000000-000000-000000-000000-000000-000000
KAOUK RIVER,50.0635084,-127.0985149,Chinook,CK,Chinook,41863,Stream,WEST VANCOUVER ISLAND-NOOTKA AND KYUQUOT_FA_0.x,CK-32,WVI+WVI,Y,930-665700-00000-00000-0000-0000-000-000-000-000-000-000,930-665189-000000-000000-000000-000000-000000-000000-000000-000000-000000-000000-000000-000000-000000-000000-000000-000000-000000-000000-000000
KAOUK RIVER,50.0635084,-127.0985149,Chum,CM,Chum,41861,Stream,SOUTHWEST VANCOUVER ISLAND,CM-10,WVI+WVI,Y,930-665700-00000-00000-0000-0000-000-000-000-000-000-000,930-665189-000000-000000-000000-000000-000000-000000-000000-000000-000000-000000-000000-000000-000000-000000-000000-000000-000000-000000-000000
KAOUK RIVER,50.0635084,-127.0985149,Coho,CO,Coho,41857,Stream,WEST VANCOUVER ISLAND,CO-17,WVI+WVI,Y,930-665700-00000-00000-0000-0000-000-000-000-000-000-000,930-665189-000000-000000-000000-000000-000000-000000-000000-000000-000000-000000-000000-000000-000000-000000-000000-000000-000000-000000-000000
KAOUK RIVER,50.0635084,-127.0985149,Pink,PKE,Pink (even),41859,Stream,WEST VANCOUVER ISLAND,PKE-2,WVI+WVI,N,930-665700-00000-00000-0000-0000-000-000-000-000-000-000,930-665189-000000-000000-000000-000000-000000-000000-000000-000000-000000-000000-000000-000000-000000-000000-000000-000000-000000-000000-000000
KAOUK RIVER,50.0635084,-127.0985149,Pink,PKO,Pink (odd),41859,Stream,WEST VANCOUVER ISLAND,PKO-6,WVI+WVI,N,930-665700-00000-00000-0000-0000-000-000-000-000-000-000,930-665189-000000-000000-000000-000000-000000-000000-000000-000000-000000-000000-000000-000000-000000-000000-000000-000000-000000-000000-000000
KAOUK RIVER,50.0635084,-127.0985149,Sockeye,SER,Sockeye (River),41855,Stream,WEST VANCOUVER ISLAND,SER-10,WVI+WVI,N,930-665700-00000-00000-0000-0000-000-000-000-000-000-000,930-665189-000000-000000-000000-000000-000000-000000-000000-000000-000000-000000-000000-000000-000000-000000-000000-000000-000000-000000-000000
KAPOOSE CREEK,49.94823143,-127.2208981,Chum,CM,Chum,41811,Stream,SOUTHWEST VANCOUVER ISLAND,CM-10,WVI+WVI,N,930-639800-00000-00000-0000-0000-000-000-000-000-000-000,930-637476-000000-000000-000000-000000-000000-000000-000000-000000-000000-000000-000000-000000-000000-000000-000000-000000-000000-000000-000000
KASHUTL RIVER,50.19495862,-127.3098438,Chinook,CK,Chinook,40878,Stream,WEST VANCOUVER ISLAND-NOOTKA AND KYUQUOT_FA_0.x,CK-32,WVI+WVI,N,930-687400-00000-00000-0000-0000-000-000-000-000-000-000,930-687605-000000-000000-000000-000000-000000-000000-000000-000000-000000-000000-000000-000000-000000-000000-000000-000000-000000-000000-000000
KASHUTL RIVER,50.19495862,-127.3098438,Chum,CM,Chum,40876,Stream,SOUTHWEST VANCOUVER ISLAND,CM-10,WVI+WVI,N,930-687400-00000-00000-0000-0000-000-000-000-000-000-000,930-687605-000000-000000-000000-000000-000000-000000-000000-000000-000000-000000-000000-000000-000000-000000-000000-000000-000000-000000-000000
KASHUTL RIVER,50.19495862,-127.3098438,Coho,CO,Coho,40872,Stream,WEST VANCOUVER ISLAND,CO-17,WVI+WVI,N,930-687400-00000-00000-0000-0000-000-000-000-000-000-000,930-687605-000000-000000-000000-000000-000000-000000-000000-000000-000000-000000-000000-000000-000000-000000-000000-000000-000000-000000-000000
KASHUTL RIVER,50.19495862,-127.3098438,Pink,PKE,Pink (even),40874,Stream,WEST VANCOUVER ISLAND,PKE-2,WVI+WVI,N,930-687400-00000-00000-0000-0000-000-000-000-000-000-000,930-687605-000000-000000-000000-000000-000000-000000-000000-000000-000000-000000-000000-000000-000000-000000-000000-000000-000000-000000-000000
KASHUTL RIVER,50.19495862,-127.3098438,Pink,PKO,Pink (odd),40874,Stream,WEST VANCOUVER ISLAND,PKO-6,WVI+WVI,N,930-687400-00000-00000-0000-0000-000-000-000-000-000-000,930-687605-000000-000000-000000-000000-000000-000000-000000-000000-000000-000000-000000-000000-000000-000000-000000-000000-000000-000000-000000
KASHUTL RIVER,50.19495862,-127.3098438,Sockeye,SER,Sockeye (River),40870,Stream,WEST VANCOUVER ISLAND,SER-10,WVI+WVI,N,930-687400-00000-00000-0000-0000-000-000-000-000-000-000,930-687605-000000-000000-000000-000000-000000-000000-000000-000000-000000-000000-000000-000000-000000-000000-000000-000000-000000-000000-000000
KAUWINCH RIVER,50.14450885,-127.2707541,Chinook,CK,Chinook,40868,Stream,WEST VANCOUVER ISLAND-NOOTKA AND KYUQUOT_FA_0.x,CK-32,WVI+WVI,N,930-683800-00000-00000-0000-0000-000-000-000-000-000-000,930-683984-000000-000000-000000-000000-000000-000000-000000-000000-000000-000000-000000-000000-000000-000000-000000-000000-000000-000000-000000
KAUWINCH RIVER,50.14450885,-127.2707541,Chum,CM,Chum,40866,Stream,SOUTHWEST VANCOUVER ISLAND,CM-10,WVI+WVI,N,930-683800-00000-00000-0000-0000-000-000-000-000-000-000,930-683984-000000-000000-000000-000000-000000-000000-000000-000000-000000-000000-000000-000000-000000-000000-000000-000000-000000-000000-000000
KAUWINCH RIVER,50.14450885,-127.2707541,Coho,CO,Coho,40862,Stream,WEST VANCOUVER ISLAND,CO-17,WVI+WVI,N,930-683800-00000-00000-0000-0000-000-000-000-000-000-000,930-683984-000000-000000-000000-000000-000000-000000-000000-000000-000000-000000-000000-000000-000000-000000-000000-000000-000000-000000-000000
KAUWINCH RIVER,50.14450885,-127.2707541,Pink,PKE,Pink (even),40864,Stream,WEST VANCOUVER ISLAND,PKE-2,WVI+WVI,N,930-683800-00000-00000-0000-0000-000-000-000-000-000-000,930-683984-000000-000000-000000-000000-000000-000000-000000-000000-000000-000000-000000-000000-000000-000000-000000-000000-000000-000000-000000
KAUWINCH RIVER,50.14450885,-127.2707541,Pink,PKO,Pink (odd),40864,Stream,WEST VANCOUVER ISLAND,PKO-6,WVI+WVI,N,930-683800-00000-00000-0000-0000-000-000-000-000-000-000,930-683984-000000-000000-000000-000000-000000-000000-000000-000000-000000-000000-000000-000000-000000-000000-000000-000000-000000-000000-000000
KAUWINCH RIVER,50.14450885,-127.2707541,Sockeye,SER,Sockeye (River),40860,Stream,WEST VANCOUVER ISLAND,SER-10,WVI+WVI,N,930-683800-00000-00000-0000-0000-000-000-000-000-000-000,930-683984-000000-000000-000000-000000-000000-000000-000000-000000-000000-000000-000000-000000-000000-000000-000000-000000-000000-000000-000000
KLANAWA RIVER,48.69869714,-124.9476867,Chum,CM,Chum,40416,Stream,SOUTHWEST VANCOUVER ISLAND,CM-10,WVI+WVI,N,930-075500-00000-00000-0000-0000-000-000-000-000-000-000,930-077174-000000-000000-000000-000000-000000-000000-000000-000000-000000-000000-000000-000000-000000-000000-000000-000000-000000-000000-000000
LITTLE TOQUART CREEK,49.04107712,-125.3609243,Chinook,CK,Chinook,39538,Stream,WEST VANCOUVER ISLAND-SOUTH_FA_0.x,CK-31,WVI+WVI,N,930-230500-03800-00000-0000-0000-000-000-000-000-000-000,930-223732-027604-000000-000000-000000-000000-000000-000000-000000-000000-000000-000000-000000-000000-000000-000000-000000-000000-000000-000000
LITTLE TOQUART CREEK,49.04107712,-125.3609243,Chum,CM,Chum,39536,Stream,SOUTHWEST VANCOUVER ISLAND,CM-10,WVI+WVI,N,930-230500-03800-00000-0000-0000-000-000-000-000-000-000,930-223732-027604-000000-000000-000000-000000-000000-000000-000000-000000-000000-000000-000000-000000-000000-000000-000000-000000-000000-000000
LITTLE TOQUART CREEK,49.04107712,-125.3609243,Coho,CO,Coho,39532,Stream,WEST VANCOUVER ISLAND,CO-17,WVI+WVI,N,930-230500-03800-00000-0000-0000-000-000-000-000-000-000,930-223732-027604-000000-000000-000000-000000-000000-000000-000000-000000-000000-000000-000000-000000-000000-000000-000000-000000-000000-000000
LITTLE TOQUART CREEK,49.04107712,-125.3609243,Sockeye,SER,Sockeye (River),39530,Stream,WEST VANCOUVER ISLAND,SER-10,WVI+WVI,N,930-230500-03800-00000-0000-0000-000-000-000-000-000-000,930-223732-027604-000000-000000-000000-000000-000000-000000-000000-000000-000000-000000-000000-000000-000000-000000-000000-000000-000000-000000
MALKSOPE RIVER,50.13851576,-127.4228266,Chinook,CK,Chinook,39668,Stream,WEST VANCOUVER ISLAND-NOOTKA AND KYUQUOT_FA_0.x,CK-32,WVI+WVI,N,930-722200-00000-00000-0000-0000-000-000-000-000-000-000,930-721847-000000-000000-000000-000000-000000-000000-000000-000000-000000-000000-000000-000000-000000-000000-000000-000000-000000-000000-000000
MALKSOPE RIVER,50.13851576,-127.4228266,Chum,CM,Chum,39666,Stream,SOUTHWEST VANCOUVER ISLAND,CM-10,WVI+WVI,N,930-722200-00000-00000-0000-0000-000-000-000-000-000-000,930-721847-000000-000000-000000-000000-000000-000000-000000-000000-000000-000000-000000-000000-000000-000000-000000-000000-000000-000000-000000
MALKSOPE RIVER,50.13851576,-127.4228266,Coho,CO,Coho,39662,Stream,WEST VANCOUVER ISLAND,CO-17,WVI+WVI,N,930-722200-00000-00000-0000-0000-000-000-000-000-000-000,930-721847-000000-000000-000000-000000-000000-000000-000000-000000-000000-000000-000000-000000-000000-000000-000000-000000-000000-000000-000000
MALKSOPE RIVER,50.13851576,-127.4228266,Pink,PKE,Pink (even),39664,Stream,WEST VANCOUVER ISLAND,PKE-2,WVI+WVI,N,930-722200-00000-00000-0000-0000-000-000-000-000-000-000,930-721847-000000-000000-000000-000000-000000-000000-000000-000000-000000-000000-000000-000000-000000-000000-000000-000000-000000-000000-000000
MALKSOPE RIVER,50.13851576,-127.4228266,Pink,PKO,Pink (odd),39664,Stream,WEST VANCOUVER ISLAND,PKO-6,WVI+WVI,N,930-722200-00000-00000-0000-0000-000-000-000-000-000-000,930-721847-000000-000000-000000-000000-000000-000000-000000-000000-000000-000000-000000-000000-000000-000000-000000-000000-000000-000000-000000
MALKSOPE RIVER,50.13851576,-127.4228266,Sockeye,SER,Sockeye (River),39660,Stream,WEST VANCOUVER ISLAND,SER-10,WVI+WVI,N,930-722200-00000-00000-0000-0000-000-000-000-000-000-000,930-721847-000000-000000-000000-000000-000000-000000-000000-000000-000000-000000-000000-000000-000000-000000-000000-000000-000000-000000-000000
NAHMINT RIVER,49.06233209,-124.8844262,Chum,CM,Chum,40616,Stream,SOUTHWEST VANCOUVER ISLAND,CM-10,WVI+WVI,Y,930-150800-00000-00000-0000-0000-000-000-000-000-000-000,930-152772-000000-000000-000000-000000-000000-000000-000000-000000-000000-000000-000000-000000-000000-000000-000000-000000-000000-000000-000000
NARROWGUT CREEK,49.99654491,-127.1230943,Chum,CM,Chum,41831,Stream,SOUTHWEST VANCOUVER ISLAND,CM-10,WVI+WVI,N,930-648400-00000-00000-0000-0000-000-000-000-000-000-000,930-646221-000000-000000-000000-000000-000000-000000-000000-000000-000000-000000-000000-000000-000000-000000-000000-000000-000000-000000-000000
NASPARTI RIVER,50.19204732,-127.6082663,Chinook,CK,Chinook,39708,Stream,WEST VANCOUVER ISLAND-NOOTKA AND KYUQUOT_FA_0.x,CK-32,WVI+WVI,N,930-747000-00000-00000-0000-0000-000-000-000-000-000-000,930-746556-000000-000000-000000-000000-000000-000000-000000-000000-000000-000000-000000-000000-000000-000000-000000-000000-000000-000000-000000
NASPARTI RIVER,50.19204732,-127.6082663,Chum,CM,Chum,39706,Stream,SOUTHWEST VANCOUVER ISLAND,CM-10,WVI+WVI,N,930-747000-00000-00000-0000-0000-000-000-000-000-000-000,930-746556-000000-000000-000000-000000-000000-000000-000000-000000-000000-000000-000000-000000-000000-000000-000000-000000-000000-000000-000000
NASPARTI RIVER,50.19204732,-127.6082663,Coho,CO,Coho,39702,Stream,WEST VANCOUVER ISLAND,CO-17,WVI+WVI,N,930-747000-00000-00000-0000-0000-000-000-000-000-000-000,930-746556-000000-000000-000000-000000-000000-000000-000000-000000-000000-000000-000000-000000-000000-000000-000000-000000-000000-000000-000000
NASPARTI RIVER,50.19204732,-127.6082663,Pink,PKE,Pink (even),39704,Stream,WEST VANCOUVER ISLAND,PKE-2,WVI+WVI,N,930-747000-00000-00000-0000-0000-000-000-000-000-000-000,930-746556-000000-000000-000000-000000-000000-000000-000000-000000-000000-000000-000000-000000-000000-000000-000000-000000-000000-000000-000000
NASPARTI RIVER,50.19204732,-127.6082663,Pink,PKO,Pink (odd),39704,Stream,WEST VANCOUVER ISLAND,PKO-6,WVI+WVI,N,930-747000-00000-00000-0000-0000-000-000-000-000-000-000,930-746556-000000-000000-000000-000000-000000-000000-000000-000000-000000-000000-000000-000000-000000-000000-000000-000000-000000-000000-000000
NASPARTI RIVER,50.19204732,-127.6082663,Sockeye,SER,Sockeye (River),39700,Stream,WEST VANCOUVER ISLAND,SER-10,WVI+WVI,N,930-747000-00000-00000-0000-0000-000-000-000-000-000-000,930-746556-000000-000000-000000-000000-000000-000000-000000-000000-000000-000000-000000-000000-000000-000000-000000-000000-000000-000000-000000
OUOUKINSH RIVER,50.1871283,-127.4340013,Chinook,CK,Chinook,39678,Stream,WEST VANCOUVER ISLAND-NOOTKA AND KYUQUOT_FA_0.x,CK-32,WVI+WVI,N,930-730300-00000-00000-0000-0000-000-000-000-000-000-000,930-729741-000000-000000-000000-000000-000000-000000-000000-000000-000000-000000-000000-000000-000000-000000-000000-000000-000000-000000-000000
OUOUKINSH RIVER,50.1871283,-127.4340013,Chum,CM,Chum,39676,Stream,SOUTHWEST VANCOUVER ISLAND,CM-10,WVI+WVI,N,930-730300-00000-00000-0000-0000-000-000-000-000-000-000,930-729741-000000-000000-000000-000000-000000-000000-000000-000000-000000-000000-000000-000000-000000-000000-000000-000000-000000-000000-000000
OUOUKINSH RIVER,50.1871283,-127.4340013,Coho,CO,Coho,39672,Stream,WEST VANCOUVER ISLAND,CO-17,WVI+WVI,N,930-730300-00000-00000-0000-0000-000-000-000-000-000-000,930-729741-000000-000000-000000-000000-000000-000000-000000-000000-000000-000000-000000-000000-000000-000000-000000-000000-000000-000000-000000
OUOUKINSH RIVER,50.1871283,-127.4340013,Pink,PKE,Pink (even),39674,Stream,WEST VANCOUVER ISLAND,PKE-2,WVI+WVI,N,930-730300-00000-00000-0000-0000-000-000-000-000-000-000,930-729741-000000-000000-000000-000000-000000-000000-000000-000000-000000-000000-000000-000000-000000-000000-000000-000000-000000-000000-000000
OUOUKINSH RIVER,50.1871283,-127.4340013,Pink,PKO,Pink (odd),39674,Stream,WEST VANCOUVER ISLAND,PKO-6,WVI+WVI,N,930-730300-00000-00000-0000-0000-000-000-000-000-000-000,930-729741-000000-000000-000000-000000-000000-000000-000000-000000-000000-000000-000000-000000-000000-000000-000000-000000-000000-000000-000000
OUOUKINSH RIVER,50.1871283,-127.4340013,Sockeye,SER,Sockeye (River),39670,Stream,WEST VANCOUVER ISLAND,SER-10,WVI+WVI,N,930-730300-00000-00000-0000-0000-000-000-000-000-000-000,930-729741-000000-000000-000000-000000-000000-000000-000000-000000-000000-000000-000000-000000-000000-000000-000000-000000-000000-000000-000000
PACHENA RIVER,48.79845705,-125.127194,Chum,CM,Chum,40426,Stream,SOUTHWEST VANCOUVER ISLAND,CM-10,WVI+WVI,N,930-085500-00000-00000-0000-0000-000-000-000-000-000-000,930-087113-000000-000000-000000-000000-000000-000000-000000-000000-000000-000000-000000-000000-000000-000000-000000-000000-000000-000000-000000
PACHENA RIVER,48.79845705,-125.127194,Coho,CO,Coho,40422,Stream,JUAN DE FUCA-PACHENA,CO-16,WVI+WVI,N,930-085500-00000-00000-0000-0000-000-000-000-000-000-000,930-087113-000000-000000-000000-000000-000000-000000-000000-000000-000000-000000-000000-000000-000000-000000-000000-000000-000000-000000-000000
PACHENA RIVER,48.79845705,-125.127194,Pink,PKO,Pink (odd),40424,Stream,WEST VANCOUVER ISLAND,PKO-6,WVI+WVI,N,930-085500-00000-00000-0000-0000-000-000-000-000-000-000,930-087113-000000-000000-000000-000000-000000-000000-000000-000000-000000-000000-000000-000000-000000-000000-000000-000000-000000-000000-000000
PACHENA RIVER,48.79845705,-125.127194,Sockeye,SER,Sockeye (River),40420,Stream,WEST VANCOUVER ISLAND,SER-10,WVI+WVI,N,930-085500-00000-00000-0000-0000-000-000-000-000-000-000,930-087113-000000-000000-000000-000000-000000-000000-000000-000000-000000-000000-000000-000000-000000-000000-000000-000000-000000-000000-000000
POWER RIVER,50.17997736,-127.4797426,Chinook,CK,Chinook,39688,Stream,WEST VANCOUVER ISLAND-NOOTKA AND KYUQUOT_FA_0.x,CK-32,WVI+WVI,N,930-732300-00000-00000-0000-0000-000-000-000-000-000-000,930-731806-000000-000000-000000-000000-000000-000000-000000-000000-000000-000000-000000-000000-000000-000000-000000-000000-000000-000000-000000
POWER RIVER,50.17997736,-127.4797426,Chum,CM,Chum,39686,Stream,SOUTHWEST VANCOUVER ISLAND,CM-10,WVI+WVI,N,930-732300-00000-00000-0000-0000-000-000-000-000-000-000,930-731806-000000-000000-000000-000000-000000-000000-000000-000000-000000-000000-000000-000000-000000-000000-000000-000000-000000-000000-000000
POWER RIVER,50.17997736,-127.4797426,Coho,CO,Coho,39682,Stream,WEST VANCOUVER ISLAND,CO-17,WVI+WVI,N,930-732300-00000-00000-0000-0000-000-000-000-000-000-000,930-731806-000000-000000-000000-000000-000000-000000-000000-000000-000000-000000-000000-000000-000000-000000-000000-000000-000000-000000-000000
POWER RIVER,50.17997736,-127.4797426,Pink,PKE,Pink (even),39684,Stream,WEST VANCOUVER ISLAND,PKE-2,WVI+WVI,N,930-732300-00000-00000-0000-0000-000-000-000-000-000-000,930-731806-000000-000000-000000-000000-000000-000000-000000-000000-000000-000000-000000-000000-000000-000000-000000-000000-000000-000000-000000
POWER RIVER,50.17997736,-127.4797426,Pink,PKO,Pink (odd),39684,Stream,WEST VANCOUVER ISLAND,PKO-6,WVI+WVI,N,930-732300-00000-00000-0000-0000-000-000-000-000-000-000,930-731806-000000-000000-000000-000000-000000-000000-000000-000000-000000-000000-000000-000000-000000-000000-000000-000000-000000-000000-000000
POWER RIVER,50.17997736,-127.4797426,Sockeye,SEL,Sockeye (Lake),39680,Stream,POWER,SEL-13-23,WVI+WVI,N,930-732300-00000-00000-0000-0000-000-000-000-000-000-000,930-731806-000000-000000-000000-000000-000000-000000-000000-000000-000000-000000-000000-000000-000000-000000-000000-000000-000000-000000-000000
RITHERDON CREEK,48.95270362,-124.9759819,Chum,CM,Chum,40496,Stream,SOUTHWEST VANCOUVER ISLAND,CM-10,WVI+WVI,N,930-118300-00000-00000-0000-0000-000-000-000-000-000-000,930-119495-000000-000000-000000-000000-000000-000000-000000-000000-000000-000000-000000-000000-000000-000000-000000-000000-000000-000000-000000
RITHERDON CREEK,48.95270362,-124.9759819,Coho,CO,Coho,40492,Stream,JUAN DE FUCA-PACHENA,CO-16,WVI+WVI,N,930-118300-00000-00000-0000-0000-000-000-000-000-000-000,930-119495-000000-000000-000000-000000-000000-000000-000000-000000-000000-000000-000000-000000-000000-000000-000000-000000-000000-000000-000000
RITHERDON CREEK,48.95270362,-124.9759819,Sockeye,SER,Sockeye (River),40490,Stream,WEST VANCOUVER ISLAND,SER-10,WVI+WVI,N,930-118300-00000-00000-0000-0000-000-000-000-000-000-000,930-119495-000000-000000-000000-000000-000000-000000-000000-000000-000000-000000-000000-000000-000000-000000-000000-000000-000000-000000-000000
SARITA RIVER,48.89706946,-125.0169178,Chinook,CK,Chinook,40458,Stream,WEST VANCOUVER ISLAND-SOUTH_FA_0.x,CK-31,WVI+WVI,Y,930-110800-00000-00000-0000-0000-000-000-000-000-000-000,930-112460-000000-000000-000000-000000-000000-000000-000000-000000-000000-000000-000000-000000-000000-000000-000000-000000-000000-000000-000000
SARITA RIVER,48.89706946,-125.0169178,Chum,CM,Chum,40456,Stream,SOUTHWEST VANCOUVER ISLAND,CM-10,WVI+WVI,Y,930-110800-00000-00000-0000-0000-000-000-000-000-000-000,930-112460-000000-000000-000000-000000-000000-000000-000000-000000-000000-000000-000000-000000-000000-000000-000000-000000-000000-000000-000000
SARITA RIVER,48.89706946,-125.0169178,Coho,CO,Coho,40452,Stream,JUAN DE FUCA-PACHENA,CO-16,WVI+WVI,Y,930-110800-00000-00000-0000-0000-000-000-000-000-000-000,930-112460-000000-000000-000000-000000-000000-000000-000000-000000-000000-000000-000000-000000-000000-000000-000000-000000-000000-000000-000000
SARITA RIVER,48.89706946,-125.0169178,Pink,PKE,Pink (even),40454,Stream,WEST VANCOUVER ISLAND,PKE-2,WVI+WVI,N,930-110800-00000-00000-0000-0000-000-000-000-000-000-000,930-112460-000000-000000-000000-000000-000000-000000-000000-000000-000000-000000-000000-000000-000000-000000-000000-000000-000000-000000-000000
SARITA RIVER,48.89706946,-125.0169178,Pink,PKO,Pink (odd),40454,Stream,WEST VANCOUVER ISLAND,PKO-6,WVI+WVI,N,930-110800-00000-00000-0000-0000-000-000-000-000-000-000,930-112460-000000-000000-000000-000000-000000-000000-000000-000000-000000-000000-000000-000000-000000-000000-000000-000000-000000-000000-000000
SARITA RIVER,48.89706946,-125.0169178,Sockeye,SER,Sockeye (River),40450,Stream,WEST VANCOUVER ISLAND,SER-10,WVI+WVI,N,930-110800-00000-00000-0000-0000-000-000-000-000-000-000,930-112460-000000-000000-000000-000000-000000-000000-000000-000000-000000-000000-000000-000000-000000-000000-000000-000000-000000-000000-000000
SMITH CREEK,48.97802314,-125.5744113,Chinook,CK,Chinook,40818,Stream,WEST VANCOUVER ISLAND-SOUTH_FA_0.x,CK-31,WVI+WVI,N,930-244500-00000-00000-0000-0000-000-000-000-000-000-000,930-237609-000000-000000-000000-000000-000000-000000-000000-000000-000000-000000-000000-000000-000000-000000-000000-000000-000000-000000-000000
SMITH CREEK,48.97802314,-125.5744113,Chum,CM,Chum,40816,Stream,SOUTHWEST VANCOUVER ISLAND,CM-10,WVI+WVI,N,930-244500-00000-00000-0000-0000-000-000-000-000-000-000,930-237609-000000-000000-000000-000000-000000-000000-000000-000000-000000-000000-000000-000000-000000-000000-000000-000000-000000-000000-000000
SMITH CREEK,48.97802314,-125.5744113,Coho,CO,Coho,40812,Stream,WEST VANCOUVER ISLAND,CO-17,WVI+WVI,N,930-244500-00000-00000-0000-0000-000-000-000-000-000-000,930-237609-000000-000000-000000-000000-000000-000000-000000-000000-000000-000000-000000-000000-000000-000000-000000-000000-000000-000000-000000
SMITH CREEK,48.97802314,-125.5744113,Pink,PKE,Pink (even),40814,Stream,WEST VANCOUVER ISLAND,PKE-2,WVI+WVI,N,930-244500-00000-00000-0000-0000-000-000-000-000-000-000,930-237609-000000-000000-000000-000000-000000-000000-000000-000000-000000-000000-000000-000000-000000-000000-000000-000000-000000-000000-000000
SMITH CREEK,48.97802314,-125.5744113,Pink,PKO,Pink (odd),40814,Stream,WEST VANCOUVER ISLAND,PKO-6,WVI+WVI,N,930-244500-00000-00000-0000-0000-000-000-000-000-000-000,930-237609-000000-000000-000000-000000-000000-000000-000000-000000-000000-000000-000000-000000-000000-000000-000000-000000-000000-000000-000000
SMITH CREEK,48.97802314,-125.5744113,Sockeye,SER,Sockeye (River),40810,Stream,WEST VANCOUVER ISLAND,SER-10,WVI+WVI,N,930-244500-00000-00000-0000-0000-000-000-000-000-000-000,930-237609-000000-000000-000000-000000-000000-000000-000000-000000-000000-000000-000000-000000-000000-000000-000000-000000-000000-000000-000000
SNUG BASIN CREEK,49.02521424,-125.0236787,Chinook,CK,Chinook,40638,Stream,WEST VANCOUVER ISLAND-SOUTH_FA_0.x,CK-31,WVI+WVI,N,930-161600-00000-00000-0000-0000-000-000-000-000-000-000,930-163426-000000-000000-000000-000000-000000-000000-000000-000000-000000-000000-000000-000000-000000-000000-000000-000000-000000-000000-000000
SNUG BASIN CREEK,49.02521424,-125.0236787,Chum,CM,Chum,40636,Stream,SOUTHWEST VANCOUVER ISLAND,CM-10,WVI+WVI,N,930-161600-00000-00000-0000-0000-000-000-000-000-000-000,930-163426-000000-000000-000000-000000-000000-000000-000000-000000-000000-000000-000000-000000-000000-000000-000000-000000-000000-000000-000000
SNUG BASIN CREEK,49.02521424,-125.0236787,Coho,CO,Coho,40632,Stream,WEST VANCOUVER ISLAND,CO-17,WVI+WVI,N,930-161600-00000-00000-0000-0000-000-000-000-000-000-000,930-163426-000000-000000-000000-000000-000000-000000-000000-000000-000000-000000-000000-000000-000000-000000-000000-000000-000000-000000-000000
SUGSAW CREEK,48.83769727,-125.1061741,Chinook,CK,Chinook,40438,Stream,WEST VANCOUVER ISLAND-SOUTH_FA_0.x,CK-31,WVI+WVI,N,930-101400-00000-00000-0000-0000-000-000-000-000-000-000,930-103653-000000-000000-000000-000000-000000-000000-000000-000000-000000-000000-000000-000000-000000-000000-000000-000000-000000-000000-000000
SUGSAW CREEK,48.83769727,-125.1061741,Chum,CM,Chum,40436,Stream,SOUTHWEST VANCOUVER ISLAND,CM-10,WVI+WVI,N,930-101400-00000-00000-0000-0000-000-000-000-000-000-000,930-103653-000000-000000-000000-000000-000000-000000-000000-000000-000000-000000-000000-000000-000000-000000-000000-000000-000000-000000-000000
SUGSAW CREEK,48.83769727,-125.1061741,Coho,CO,Coho,40432,Stream,JUAN DE FUCA-PACHENA,CO-16,WVI+WVI,N,930-101400-00000-00000-0000-0000-000-000-000-000-000-000,930-103653-000000-000000-000000-000000-000000-000000-000000-000000-000000-000000-000000-000000-000000-000000-000000-000000-000000-000000-000000
SUGSAW CREEK,48.83769727,-125.1061741,Sockeye,SER,Sockeye (River),40430,Stream,WEST VANCOUVER ISLAND,SER-10,WVI+WVI,N,930-101400-00000-00000-0000-0000-000-000-000-000-000-000,930-103653-000000-000000-000000-000000-000000-000000-000000-000000-000000-000000-000000-000000-000000-000000-000000-000000-000000-000000-000000
TAHSISH RIVER,50.13979892,-127.1051293,Chinook,CK,Chinook,41883,Stream,WEST VANCOUVER ISLAND-NOOTKA AND KYUQUOT_FA_0.x,CK-32,WVI+WVI,Y,930-673300-00000-00000-0000-0000-000-000-000-000-000-000,930-673175-000000-000000-000000-000000-000000-000000-000000-000000-000000-000000-000000-000000-000000-000000-000000-000000-000000-000000-000000
TAHSISH RIVER,50.13979892,-127.1051293,Chum,CM,Chum,41881,Stream,SOUTHWEST VANCOUVER ISLAND,CM-10,WVI+WVI,Y,930-673300-00000-00000-0000-0000-000-000-000-000-000-000,930-673175-000000-000000-000000-000000-000000-000000-000000-000000-000000-000000-000000-000000-000000-000000-000000-000000-000000-000000-000000
TAHSISH RIVER,50.13979892,-127.1051293,Coho,CO,Coho,41877,Stream,WEST VANCOUVER ISLAND,CO-17,WVI+WVI,Y,930-673300-00000-00000-0000-0000-000-000-000-000-000-000,930-673175-000000-000000-000000-000000-000000-000000-000000-000000-000000-000000-000000-000000-000000-000000-000000-000000-000000-000000-000000
TAHSISH RIVER,50.13979892,-127.1051293,Pink,PKE,Pink (even),41879,Stream,WEST VANCOUVER ISLAND,PKE-2,WVI+WVI,N,930-673300-00000-00000-0000-0000-000-000-000-000-000-000,930-673175-000000-000000-000000-000000-000000-000000-000000-000000-000000-000000-000000-000000-000000-000000-000000-000000-000000-000000-000000
TAHSISH RIVER,50.13979892,-127.1051293,Pink,PKO,Pink (odd),41879,Stream,WEST VANCOUVER ISLAND,PKO-6,WVI+WVI,N,930-673300-00000-00000-0000-0000-000-000-000-000-000-000,930-673175-000000-000000-000000-000000-000000-000000-000000-000000-000000-000000-000000-000000-000000-000000-000000-000000-000000-000000-000000
TAHSISH RIVER,50.13979892,-127.1051293,Sockeye,SER,Sockeye (River),41875,Stream,WEST VANCOUVER ISLAND,SER-10,WVI+WVI,N,930-673300-00000-00000-0000-0000-000-000-000-000-000-000,930-673175-000000-000000-000000-000000-000000-000000-000000-000000-000000-000000-000000-000000-000000-000000-000000-000000-000000-000000-000000
THORNTON CREEK,48.96665653,-125.5628815,Chinook,CK,Chinook,40808,Stream,WEST VANCOUVER ISLAND-SOUTH_FA_0.x,CK-31,WVI+WVI,N,930-243600-00000-00000-0000-0000-000-000-000-000-000-000,930-236814-000000-000000-000000-000000-000000-000000-000000-000000-000000-000000-000000-000000-000000-000000-000000-000000-000000-000000-000000
THORNTON CREEK,48.96665653,-125.5628815,Chum,CM,Chum,40806,Stream,SOUTHWEST VANCOUVER ISLAND,CM-10,WVI+WVI,N,930-243600-00000-00000-0000-0000-000-000-000-000-000-000,930-236814-000000-000000-000000-000000-000000-000000-000000-000000-000000-000000-000000-000000-000000-000000-000000-000000-000000-000000-000000
THORNTON CREEK,48.96665653,-125.5628815,Coho,CO,Coho,40802,Stream,WEST VANCOUVER ISLAND,CO-17,WVI+WVI,Y,930-243600-00000-00000-0000-0000-000-000-000-000-000-000,930-236814-000000-000000-000000-000000-000000-000000-000000-000000-000000-000000-000000-000000-000000-000000-000000-000000-000000-000000-000000
THORNTON CREEK,48.96665653,-125.5628815,Pink,PKE,Pink (even),40804,Stream,WEST VANCOUVER ISLAND,PKE-2,WVI+WVI,N,930-243600-00000-00000-0000-0000-000-000-000-000-000-000,930-236814-000000-000000-000000-000000-000000-000000-000000-000000-000000-000000-000000-000000-000000-000000-000000-000000-000000-000000-000000
THORNTON CREEK,48.96665653,-125.5628815,Pink,PKO,Pink (odd),40804,Stream,WEST VANCOUVER ISLAND,PKO-6,WVI+WVI,N,930-243600-00000-00000-0000-0000-000-000-000-000-000-000,930-236814-000000-000000-000000-000000-000000-000000-000000-000000-000000-000000-000000-000000-000000-000000-000000-000000-000000-000000-000000
THORNTON CREEK,48.96665653,-125.5628815,Sockeye,SER,Sockeye (River),40800,Stream,WEST VANCOUVER ISLAND,SER-10,WVI+WVI,N,930-243600-00000-00000-0000-0000-000-000-000-000-000-000,930-236814-000000-000000-000000-000000-000000-000000-000000-000000-000000-000000-000000-000000-000000-000000-000000-000000-000000-000000-000000
TOQUART RIVER,49.0357038,-125.3574806,Chinook,CK,Chinook,40798,Stream,WEST VANCOUVER ISLAND-SOUTH_FA_0.x,CK-31,WVI+WVI,Y,930-230500-00000-00000-0000-0000-000-000-000-000-000-000,930-223732-000000-000000-000000-000000-000000-000000-000000-000000-000000-000000-000000-000000-000000-000000-000000-000000-000000-000000-000000
TOQUART RIVER,49.0357038,-125.3574806,Chum,CM,Chum,40796,Stream,SOUTHWEST VANCOUVER ISLAND,CM-10,WVI+WVI,Y,930-230500-00000-00000-0000-0000-000-000-000-000-000-000,930-223732-000000-000000-000000-000000-000000-000000-000000-000000-000000-000000-000000-000000-000000-000000-000000-000000-000000-000000-000000
TOQUART RIVER,49.0357038,-125.3574806,Coho,CO,Coho,40792,Stream,WEST VANCOUVER ISLAND,CO-17,WVI+WVI,Y,930-230500-00000-00000-0000-0000-000-000-000-000-000-000,930-223732-000000-000000-000000-000000-000000-000000-000000-000000-000000-000000-000000-000000-000000-000000-000000-000000-000000-000000-000000
TOQUART RIVER,49.0357038,-125.3574806,Pink,PKE,Pink (even),40794,Stream,WEST VANCOUVER ISLAND,PKE-2,WVI+WVI,N,930-230500-00000-00000-0000-0000-000-000-000-000-000-000,930-223732-000000-000000-000000-000000-000000-000000-000000-000000-000000-000000-000000-000000-000000-000000-000000-000000-000000-000000-000000
TOQUART RIVER,49.0357038,-125.3574806,Pink,PKO,Pink (odd),40794,Stream,WEST VANCOUVER ISLAND,PKO-6,WVI+WVI,N,930-230500-00000-00000-0000-0000-000-000-000-000-000-000,930-223732-000000-000000-000000-000000-000000-000000-000000-000000-000000-000000-000000-000000-000000-000000-000000-000000-000000-000000-000000
TOQUART RIVER,49.0357038,-125.3574806,Sockeye,SER,Sockeye (River),40790,Stream,WEST VANCOUVER ISLAND,SER-10,WVI+WVI,N,930-230500-00000-00000-0000-0000-000-000-000-000-000-000,930-223732-000000-000000-000000-000000-000000-000000-000000-000000-000000-000000-000000-000000-000000-000000-000000-000000-000000-000000-000000
TWIN RIVERS EAST CREEK,48.95154283,-125.4435209,Chum,CM,Chum,39566,Stream,SOUTHWEST VANCOUVER ISLAND,CM-10,WVI+WVI,N,930-236100-00000-00000-0000-0000-000-000-000-000-000-000,930-229391-000000-000000-000000-000000-000000-000000-000000-000000-000000-000000-000000-000000-000000-000000-000000-000000-000000-000000-000000
TWIN RIVERS EAST CREEK,48.95154283,-125.4435209,Coho,CO,Coho,39562,Stream,WEST VANCOUVER ISLAND,CO-17,WVI+WVI,N,930-236100-00000-00000-0000-0000-000-000-000-000-000-000,930-229391-000000-000000-000000-000000-000000-000000-000000-000000-000000-000000-000000-000000-000000-000000-000000-000000-000000-000000-000000
TWIN RIVERS EAST CREEK,48.95154283,-125.4435209,Pink,PKO,Pink (odd),39564,Stream,WEST VANCOUVER ISLAND,PKO-6,WVI+WVI,N,930-236100-00000-00000-0000-0000-000-000-000-000-000-000,930-229391-000000-000000-000000-000000-000000-000000-000000-000000-000000-000000-000000-000000-000000-000000-000000-000000-000000-000000-000000
TWIN RIVERS EAST CREEK,48.95154283,-125.4435209,Sockeye,SER,Sockeye (River),39560,Stream,WEST VANCOUVER ISLAND,SER-10,WVI+WVI,N,930-236100-00000-00000-0000-0000-000-000-000-000-000-000,930-229391-000000-000000-000000-000000-000000-000000-000000-000000-000000-000000-000000-000000-000000-000000-000000-000000-000000-000000-000000
UCHUCK CREEK,49.01458835,-125.0512461,Chinook,CK,Chinook,40658,Stream,WEST VANCOUVER ISLAND-SOUTH_FA_0.x,CK-31,WVI+WVI,N,930-162900-00000-00000-0000-0000-000-000-000-000-000-000,930-164925-000000-000000-000000-000000-000000-000000-000000-000000-000000-000000-000000-000000-000000-000000-000000-000000-000000-000000-000000
UCHUCK CREEK,49.01458835,-125.0512461,Chum,CM,Chum,40656,Stream,SOUTHWEST VANCOUVER ISLAND,CM-10,WVI+WVI,N,930-162900-00000-00000-0000-0000-000-000-000-000-000-000,930-164925-000000-000000-000000-000000-000000-000000-000000-000000-000000-000000-000000-000000-000000-000000-000000-000000-000000-000000-000000
UCHUCK CREEK,49.01458835,-125.0512461,Coho,CO,Coho,40652,Stream,WEST VANCOUVER ISLAND,CO-17,WVI+WVI,N,930-162900-00000-00000-0000-0000-000-000-000-000-000-000,930-164925-000000-000000-000000-000000-000000-000000-000000-000000-000000-000000-000000-000000-000000-000000-000000-000000-000000-000000-000000
UCHUCK CREEK,49.01458835,-125.0512461,Sockeye,SER,Sockeye (River),40650,Stream,WEST VANCOUVER ISLAND,SER-10,WVI+WVI,N,930-162900-00000-00000-0000-0000-000-000-000-000-000-000,930-164925-000000-000000-000000-000000-000000-000000-000000-000000-000000-000000-000000-000000-000000-000000-000000-000000-000000-000000-000000
VERNON BAY CREEK,49.00818083,-125.1410083,Chum,CM,Chum,40686,Stream,SOUTHWEST VANCOUVER ISLAND,CM-10,WVI+WVI,N,930-186500-00000-00000-0000-0000-000-000-000-000-000-000,930-180736-000000-000000-000000-000000-000000-000000-000000-000000-000000-000000-000000-000000-000000-000000-000000-000000-000000-000000-000000
VERNON BAY CREEK,49.00818083,-125.1410083,Coho,CO,Coho,40682,Stream,WEST VANCOUVER ISLAND,CO-17,WVI+WVI,N,930-186500-00000-00000-0000-0000-000-000-000-000-000-000,930-180736-000000-000000-000000-000000-000000-000000-000000-000000-000000-000000-000000-000000-000000-000000-000000-000000-000000-000000-000000
VERNON BAY CREEK,49.00818083,-125.1410083,Sockeye,SER,Sockeye (River),40680,Stream,WEST VANCOUVER ISLAND,SER-10,WVI+WVI,N,930-186500-00000-00000-0000-0000-000-000-000-000-000-000,930-180736-000000-000000-000000-000000-000000-000000-000000-000000-000000-000000-000000-000000-000000-000000-000000-000000-000000-000000-000000
YAKU RIVER,50.10528899,-127.1577407,Chum,CM,Chum,40856,Stream,SOUTHWEST VANCOUVER ISLAND,CM-10,WVI+WVI,N,930-676000-00000-00000-0000-0000-000-000-000-000-000-000,930-675966-000000-000000-000000-000000-000000-000000-000000-000000-000000-000000-000000-000000-000000-000000-000000-000000-000000-000000-000000
YAKU RIVER,50.10528899,-127.1577407,Coho,CO,Coho,40852,Stream,WEST VANCOUVER ISLAND,CO-17,WVI+WVI,N,930-676000-00000-00000-0000-0000-000-000-000-000-000-000,930-675966-000000-000000-000000-000000-000000-000000-000000-000000-000000-000000-000000-000000-000000-000000-000000-000000-000000-000000-000000
YAKU RIVER,50.10528899,-127.1577407,Pink,PKE,Pink (even),40854,Stream,WEST VANCOUVER ISLAND,PKE-2,WVI+WVI,N,930-676000-00000-00000-0000-0000-000-000-000-000-000-000,930-675966-000000-000000-000000-000000-000000-000000-000000-000000-000000-000000-000000-000000-000000-000000-000000-000000-000000-000000-000000
